,ZIP,date_start - date_end,Predicted new cases,cases/population
0,90001,2020/4/19 - 2020/4/25,20.849974,3.535391891240164
1,90001,2020/4/26 - 2020/5/2,46.447296,7.875760261564752
2,90001,2020/5/3 - 2020/5/9,55.089565,9.341172577719306
3,90001,2020/5/10 - 2020/5/16,61.877785,10.492205973548776
4,90001,2020/5/17 - 2020/5/23,57.439228,9.73958932731858
5,90002,2020/4/12 - 2020/4/18,18.58561,3.4993898506966836
6,90002,2020/4/19 - 2020/4/25,22.172535,4.1747538066741265
7,90002,2020/4/26 - 2020/5/2,43.22863,8.139298839396353
8,90002,2020/5/3 - 2020/5/9,53.141964,10.005830046269178
9,90002,2020/5/10 - 2020/5/16,52.443394,9.874299807436387
10,90002,2020/5/17 - 2020/5/23,45.9998,8.661068636580405
11,90003,2020/4/5 - 2020/4/11,20.636587,2.8369952493015407
12,90003,2020/4/12 - 2020/4/18,24.515896,3.3702995344449294
13,90003,2020/4/19 - 2020/4/25,26.488056,3.6414204070416036
14,90003,2020/4/26 - 2020/5/2,49.282387,6.775049391647785
15,90003,2020/5/3 - 2020/5/9,77.0923,10.598190898535773
16,90003,2020/5/10 - 2020/5/16,76.26643,10.484655657170002
17,90003,2020/5/17 - 2020/5/23,75.63207,10.39744744349548
18,90004,2020/4/5 - 2020/4/11,38.22362,6.206543917190303
19,90004,2020/4/12 - 2020/4/18,64.52661,10.477480487143994
20,90004,2020/4/19 - 2020/4/25,62.37093,10.12745262202734
21,90004,2020/4/26 - 2020/5/2,83.12298,13.497057482292927
22,90004,2020/5/3 - 2020/5/9,73.09812,11.869275751480272
23,90004,2020/5/10 - 2020/5/16,74.56151,12.106892504580738
24,90004,2020/5/17 - 2020/5/23,49.720097,8.073279087476823
25,90006,2020/4/5 - 2020/4/11,31.250628,5.065095710995526
26,90006,2020/4/12 - 2020/4/18,60.35099,9.781676925574597
27,90006,2020/4/19 - 2020/4/25,79.8552,12.94291577055843
28,90006,2020/4/26 - 2020/5/2,140.1547,22.716245843222733
29,90006,2020/5/3 - 2020/5/9,169.06699,27.40234466011611
30,90006,2020/5/10 - 2020/5/16,179.38347,29.07443817108005
31,90006,2020/5/17 - 2020/5/23,184.2934,29.87023825668478
32,90007,2020/4/5 - 2020/4/11,18.805803,4.508055254326924
33,90007,2020/4/12 - 2020/4/18,17.338362,4.156285775269034
34,90007,2020/4/19 - 2020/4/25,18.094805,4.337617404303851
35,90007,2020/4/26 - 2020/5/2,29.602545,7.096208837027975
36,90007,2020/5/3 - 2020/5/9,40.235325,9.645058217379217
37,90007,2020/5/10 - 2020/5/16,40.02917,9.595639800074368
38,90007,2020/5/17 - 2020/5/23,37.882122,9.08095743594662
39,90008,2020/4/5 - 2020/4/11,21.859983,6.887420348534569
40,90008,2020/4/12 - 2020/4/18,16.424725,5.174934490329696
41,90008,2020/4/19 - 2020/4/25,14.761072,4.650767875110582
42,90008,2020/4/26 - 2020/5/2,24.540037,7.731824302955785
43,90008,2020/5/3 - 2020/5/9,12.943623,4.078144424560109
44,90008,2020/5/10 - 2020/5/16,12.978711,4.089199763141518
45,90008,2020/5/17 - 2020/5/23,20.348896,6.411322356284486
46,90011,2020/4/5 - 2020/4/11,20.43474,1.867653140048652
47,90011,2020/4/12 - 2020/4/18,22.21835,2.0306678721906803
48,90011,2020/4/19 - 2020/4/25,28.747091,2.6273686450851774
49,90011,2020/4/26 - 2020/5/2,74.85451,6.841401232592635
50,90011,2020/5/3 - 2020/5/9,96.76424,8.843862435355193
51,90011,2020/5/10 - 2020/5/16,103.453285,9.455214617625272
52,90011,2020/5/17 - 2020/5/23,103.976616,9.503044939931062
53,90012,2020/4/12 - 2020/4/18,4.707757,1.3108782324380546
54,90012,2020/4/19 - 2020/4/25,-1.2233372,-0.340639092657788
55,90012,2020/4/26 - 2020/5/2,6.1439805,1.710795673734379
56,90012,2020/5/3 - 2020/5/9,5.5997543,1.5592555156896093
57,90012,2020/5/10 - 2020/5/16,0.9420893,0.2623254306878083
58,90012,2020/5/17 - 2020/5/23,2.1097033,0.5874483619812945
59,90013,2020/4/12 - 2020/4/18,4.5885606,3.843981386619147
60,90013,2020/4/19 - 2020/4/25,-0.73532605,-0.6160057398944762
61,90013,2020/4/26 - 2020/5/2,17.3195,14.509089360377333
62,90013,2020/5/3 - 2020/5/9,20.09275,16.83232851580498
63,90013,2020/5/10 - 2020/5/16,44.240555,37.061702948454645
64,90013,2020/5/17 - 2020/5/23,84.3023,70.62268534766835
65,90014,2020/4/5 - 2020/4/11,21.631586,25.952712747245474
66,90014,2020/4/12 - 2020/4/18,8.353692,10.022425980502142
67,90014,2020/4/19 - 2020/4/25,6.0065575,7.206427671985134
68,90014,2020/4/26 - 2020/5/2,16.52719,19.8286613734382
69,90014,2020/5/3 - 2020/5/9,12.242484,14.688043302594364
70,90014,2020/5/10 - 2020/5/16,19.231638,23.0733508754792
71,90014,2020/5/17 - 2020/5/23,15.203604,18.240676358136575
72,90016,2020/4/12 - 2020/4/18,13.315521,2.8585735042687737
73,90016,2020/4/26 - 2020/5/2,36.411186,7.816746359730731
74,90016,2020/5/3 - 2020/5/9,41.27671,8.861276166302549
75,90016,2020/5/10 - 2020/5/16,28.446009,6.106783598946132
76,90016,2020/5/17 - 2020/5/23,18.330055,3.935092685175588
77,90018,2020/4/5 - 2020/4/11,21.241234,3.9885146886141642
78,90018,2020/4/12 - 2020/4/18,19.497704,3.661128051721138
79,90018,2020/4/19 - 2020/4/25,19.549623,3.670877176164166
80,90018,2020/4/26 - 2020/5/2,38.311447,7.193827389130743
81,90018,2020/5/3 - 2020/5/9,45.796345,8.599283603177122
82,90018,2020/5/10 - 2020/5/16,38.199776,7.172858587915123
83,90018,2020/5/17 - 2020/5/23,25.678411,4.8216936089388325
84,90019,2020/4/12 - 2020/4/18,19.260109,2.907405683108749
85,90019,2020/4/19 - 2020/4/25,15.531412,2.344541040777989
86,90019,2020/4/26 - 2020/5/2,27.756083,4.189913583634997
87,90019,2020/5/3 - 2020/5/9,26.23923,3.9609373088188553
88,90019,2020/5/10 - 2020/5/16,21.954632,3.3141568126530188
89,90019,2020/5/17 - 2020/5/23,15.141529,2.2856863285156543
90,90020,2020/4/12 - 2020/4/18,19.925974,5.095896346021154
91,90020,2020/4/19 - 2020/4/25,26.14564,6.686522280076637
92,90020,2020/4/26 - 2020/5/2,46.377712,11.8607007952933
93,90020,2020/5/3 - 2020/5/9,42.245304,10.803872975209968
94,90020,2020/5/10 - 2020/5/16,41.26464,10.553076775639473
95,90020,2020/5/17 - 2020/5/23,32.413837,8.289559979760966
96,90022,2020/4/5 - 2020/4/11,21.351007,3.2404018002045607
97,90022,2020/4/12 - 2020/4/18,26.84435,4.074116074490718
98,90022,2020/4/19 - 2020/4/25,37.368996,5.671421409395038
99,90022,2020/4/26 - 2020/5/2,66.23651,10.05258935050368
100,90022,2020/5/3 - 2020/5/9,112.299,17.043406222655065
101,90022,2020/5/10 - 2020/5/16,98.252426,14.911583874254202
102,90022,2020/5/17 - 2020/5/23,74.07806,11.242685739178816
103,90024,2020/4/5 - 2020/4/11,18.724352,3.723423457471876
104,90024,2020/4/12 - 2020/4/18,9.239969,1.8374103669941217
105,90024,2020/4/19 - 2020/4/25,4.784453,0.951410458795667
106,90024,2020/4/26 - 2020/5/2,12.802693,2.545874436645799
107,90024,2020/5/3 - 2020/5/9,5.7411604,1.1416561391905087
108,90024,2020/5/10 - 2020/5/16,3.8555963,0.7667030512129771
109,90024,2020/5/17 - 2020/5/23,3.1383111,0.6240676001610364
110,90025,2020/4/5 - 2020/4/11,22.830513,4.759629120121809
111,90025,2020/4/12 - 2020/4/18,15.730075,3.279353489379641
112,90025,2020/4/19 - 2020/4/25,8.124741,1.6938187922083803
113,90025,2020/4/26 - 2020/5/2,15.878977,3.310396068526156
114,90025,2020/5/3 - 2020/5/9,9.287015,1.9361258701279371
115,90025,2020/5/10 - 2020/5/16,6.7247586,1.401955224431488
116,90025,2020/5/17 - 2020/5/23,3.2542145,0.678427778519144
117,90026,2020/4/5 - 2020/4/11,19.674963,2.8273093444993496
118,90026,2020/4/12 - 2020/4/18,22.611588,3.2493048505387434
119,90026,2020/4/19 - 2020/4/25,32.974056,4.738400644339836
120,90026,2020/4/26 - 2020/5/2,48.619106,6.986607982974983
121,90026,2020/5/3 - 2020/5/9,68.94612,9.90761775795317
122,90026,2020/5/10 - 2020/5/16,59.123703,8.496127693016092
123,90026,2020/5/17 - 2020/5/23,48.830643,7.0170059492441785
124,90028,2020/4/12 - 2020/4/18,-0.91757256,-0.29855292442447384
125,90028,2020/4/19 - 2020/4/25,-2.3209398,-0.7551700980287682
126,90028,2020/4/26 - 2020/5/2,5.3262258,1.7330076649960555
127,90028,2020/5/3 - 2020/5/9,-2.7570703,-0.8970749993372997
128,90028,2020/5/10 - 2020/5/16,-4.350641,-1.415579089533804
129,90028,2020/5/17 - 2020/5/23,-0.9679441,-0.3149424369096089
130,90029,2020/4/5 - 2020/4/11,18.550768,4.894920021784677
131,90029,2020/4/12 - 2020/4/18,16.67854,4.4009022312847765
132,90029,2020/4/19 - 2020/4/25,35.336605,9.324134537976011
133,90029,2020/4/26 - 2020/5/2,69.22671,18.26658595664576
134,90029,2020/5/3 - 2020/5/9,59.606014,15.7280105155177
135,90029,2020/5/10 - 2020/5/16,43.984524,11.606027698874177
136,90029,2020/5/17 - 2020/5/23,67.71086,17.866605416131375
137,90031,2020/4/12 - 2020/4/18,7.6877503,1.9950046294298835
138,90031,2020/4/19 - 2020/4/25,9.073889,2.3547135795216096
139,90031,2020/4/26 - 2020/5/2,22.67976,5.885496296677838
140,90031,2020/5/3 - 2020/5/9,22.624174,5.871071524079925
141,90031,2020/5/10 - 2020/5/16,39.5793,10.271000370249855
142,90031,2020/5/17 - 2020/5/23,35.591385,9.23611908335158
143,90032,2020/4/12 - 2020/4/18,6.6643934,1.3992889379947915
144,90032,2020/4/19 - 2020/4/25,8.650303,1.8162602907936445
145,90032,2020/4/26 - 2020/5/2,24.307291,5.103678802125641
146,90032,2020/5/3 - 2020/5/9,19.82724,4.16302517274537
147,90032,2020/5/10 - 2020/5/16,16.531998,3.471139832587411
148,90032,2020/5/17 - 2020/5/23,15.105124,3.1715464911860454
149,90033,2020/4/5 - 2020/4/11,21.455608,4.5090911392556
150,90033,2020/4/12 - 2020/4/18,19.370758,4.070940894151404
151,90033,2020/4/19 - 2020/4/25,19.981598,4.199314440113197
152,90033,2020/4/26 - 2020/5/2,36.06371,7.579116335462918
153,90033,2020/5/3 - 2020/5/9,59.686035,12.543562859897442
154,90033,2020/5/10 - 2020/5/16,66.141785,13.900297305333575
155,90033,2020/5/17 - 2020/5/23,66.97368,14.07512737508505
156,90034,2020/4/5 - 2020/4/11,24.376863,4.380231344716139
157,90034,2020/4/12 - 2020/4/18,20.524742,3.6880511260089204
158,90034,2020/4/19 - 2020/4/25,21.894333,3.9341502346262827
159,90034,2020/4/26 - 2020/5/2,29.120924,5.232682382658607
160,90034,2020/5/3 - 2020/5/9,22.7992,4.096744062744088
161,90034,2020/5/10 - 2020/5/16,35.415897,6.3638139454799045
162,90034,2020/5/17 - 2020/5/23,17.453947,3.1362659144793974
163,90035,2020/4/5 - 2020/4/11,19.198858,6.835983001996937
164,90035,2020/4/12 - 2020/4/18,11.082259,3.945970866356283
165,90035,2020/4/19 - 2020/4/25,10.112267,3.6005933916778865
166,90035,2020/4/26 - 2020/5/2,13.207928,4.702840556830131
167,90035,2020/5/3 - 2020/5/9,6.5033383,2.315591360849058
168,90035,2020/5/10 - 2020/5/16,4.5266933,1.6117832807962296
169,90035,2020/5/17 - 2020/5/23,5.639041,2.007847942659943
170,90036,2020/4/5 - 2020/4/11,20.092842,5.28926031958797
171,90036,2020/4/12 - 2020/4/18,9.760773,2.5694357968511436
172,90036,2020/4/19 - 2020/4/25,2.0089746,0.5288445172566445
173,90036,2020/4/26 - 2020/5/2,9.81326,2.5832526267321723
174,90036,2020/5/3 - 2020/5/9,8.601538,2.264277588835362
175,90036,2020/5/10 - 2020/5/16,2.5439174,0.6696634246410038
176,90036,2020/5/17 - 2020/5/23,1.0072722,0.2651553763029788
177,90037,2020/4/12 - 2020/4/18,21.369251,3.2867680649718074
178,90037,2020/4/19 - 2020/4/25,23.68678,3.643223349570172
179,90037,2020/4/26 - 2020/5/2,44.828472,6.894990792643529
180,90037,2020/5/3 - 2020/5/9,48.74185,7.496901040765446
181,90037,2020/5/10 - 2020/5/16,47.095425,7.243666890011629
182,90037,2020/5/17 - 2020/5/23,41.31287,6.354262031751379
183,90039,2020/4/5 - 2020/4/11,19.698343,6.65731970562626
184,90039,2020/4/12 - 2020/4/18,20.030043,6.769421963674145
185,90039,2020/4/19 - 2020/4/25,17.093975,5.777138486308653
186,90039,2020/4/26 - 2020/5/2,24.623318,8.321780972153794
187,90039,2020/5/3 - 2020/5/9,18.6922,6.31727997128367
188,90039,2020/5/10 - 2020/5/16,19.825377,6.700252293291466
189,90039,2020/5/17 - 2020/5/23,14.988329,5.065507091728622
190,90040,2020/4/26 - 2020/5/2,9.182818,7.262015352139787
191,90040,2020/5/3 - 2020/5/9,3.7277775,2.9480248960688824
192,90040,2020/5/10 - 2020/5/16,0.764062,0.6042404012653657
193,90040,2020/5/17 - 2020/5/23,4.4666348,3.5323327405031324
194,90041,2020/4/5 - 2020/4/11,16.803211,5.692916117413675
195,90041,2020/4/12 - 2020/4/18,4.732445,1.6033489508007839
196,90041,2020/4/19 - 2020/4/25,4.8249106,1.634676324948012
197,90041,2020/4/26 - 2020/5/2,18.442883,6.248435607074738
198,90041,2020/5/3 - 2020/5/9,16.113508,5.459245231226218
199,90041,2020/5/10 - 2020/5/16,9.636059,3.2646899333829267
200,90041,2020/5/17 - 2020/5/23,12.790727,4.333489179320412
201,90042,2020/4/12 - 2020/4/18,11.158578,1.7459557695868235
202,90042,2020/4/26 - 2020/5/2,24.776348,3.8766954223863923
203,90042,2020/5/3 - 2020/5/9,17.42619,2.726633822441743
204,90042,2020/5/10 - 2020/5/16,19.337362,3.025670430665881
205,90042,2020/5/17 - 2020/5/23,12.292104,1.923315824724229
206,90043,2020/4/5 - 2020/4/11,22.423275,5.0245983359617465
207,90043,2020/4/12 - 2020/4/18,29.350647,6.576881030016862
208,90043,2020/4/26 - 2020/5/2,70.169365,15.723522739417666
209,90043,2020/5/3 - 2020/5/9,76.585976,17.1613542579543
210,90043,2020/5/10 - 2020/5/16,81.38659,18.237073755863708
211,90043,2020/5/17 - 2020/5/23,66.791824,14.966684818791384
212,90044,2020/4/5 - 2020/4/11,20.37596,2.1128996843878123
213,90044,2020/4/12 - 2020/4/18,27.64683,2.8668577714860155
214,90044,2020/4/19 - 2020/4/25,28.12477,2.916418060767289
215,90044,2020/4/26 - 2020/5/2,61.402428,6.3671686583163805
216,90044,2020/5/3 - 2020/5/9,74.06352,7.680069926051183
217,90044,2020/5/10 - 2020/5/16,55.34779,5.739328649508928
218,90044,2020/5/17 - 2020/5/23,48.034847,4.981007845568199
219,90045,2020/4/5 - 2020/4/11,17.380049,4.2236867850570015
220,90045,2020/4/12 - 2020/4/18,2.5849223,0.6281859373715486
221,90045,2020/4/19 - 2020/4/25,0.9597844,0.23324610283170316
222,90045,2020/4/26 - 2020/5/2,10.613107,2.579189464531361
223,90045,2020/5/3 - 2020/5/9,7.3655944,1.789981381577789
224,90045,2020/5/10 - 2020/5/16,5.9298935,1.4410783964743599
225,90045,2020/5/17 - 2020/5/23,5.4266853,1.3187891159571201
226,90046,2020/4/5 - 2020/4/11,24.879177,4.9180969603862374
227,90046,2020/4/12 - 2020/4/18,33.148487,6.5527679227992275
228,90046,2020/4/19 - 2020/4/25,22.43401,4.434738085279212
229,90046,2020/4/26 - 2020/5/2,33.61858,6.6456955076406885
230,90046,2020/5/3 - 2020/5/9,36.63535,7.242048208765422
231,90046,2020/5/10 - 2020/5/16,26.829489,5.303633098280677
232,90046,2020/5/17 - 2020/5/23,17.207973,3.4016592168392292
233,90047,2020/4/12 - 2020/4/18,14.805737,3.028810944857731
234,90047,2020/4/19 - 2020/4/25,17.074682,3.4929693831634254
235,90047,2020/4/26 - 2020/5/2,37.713566,7.715067779476713
236,90047,2020/5/3 - 2020/5/9,44.48275,9.099840422839197
237,90047,2020/5/10 - 2020/5/16,33.721867,6.89848548731993
238,90047,2020/5/17 - 2020/5/23,29.005396,5.93363661994604
239,90048,2020/4/12 - 2020/4/18,5.774547,2.5225175170658476
240,90048,2020/4/19 - 2020/4/25,1.3789425,0.6023687269019847
241,90048,2020/4/26 - 2020/5/2,14.001355,6.116265582388438
242,90048,2020/5/3 - 2020/5/9,9.59757,4.192543429718471
243,90048,2020/5/10 - 2020/5/16,5.3864527,2.352984743519886
244,90048,2020/5/17 - 2020/5/23,3.82315,1.6700812159312806
245,90049,2020/4/5 - 2020/4/11,21.414118,5.793236071071949
246,90049,2020/4/12 - 2020/4/18,11.465508,3.1018040420405084
247,90049,2020/4/19 - 2020/4/25,3.7208996,1.0066279574475652
248,90049,2020/4/26 - 2020/5/2,11.127291,3.0103048170403657
249,90049,2020/5/3 - 2020/5/9,5.2807574,1.4286217474341456
250,90049,2020/5/10 - 2020/5/16,2.7101018,0.7331733153555484
251,90049,2020/5/17 - 2020/5/23,3.5931358,0.9720635844984943
252,90056,2020/4/12 - 2020/4/18,0.019074237,0.02446983575897388
253,90056,2020/4/19 - 2020/4/25,-2.4911983,-3.195892625163961
254,90056,2020/4/26 - 2020/5/2,-2.2094133,-2.834398062891345
255,90056,2020/5/3 - 2020/5/9,-2.9258587,-3.7535070378937885
256,90056,2020/5/10 - 2020/5/16,-3.6682851,-4.70594628794672
257,90056,2020/5/17 - 2020/5/23,-0.7966122,-1.0219527942542468
258,90058,2020/5/17 - 2020/5/23,-0.3004107,-1.0892338213322386
259,90059,2020/4/12 - 2020/4/18,10.813879,2.353298879931564
260,90059,2020/4/19 - 2020/4/25,9.257967,2.014703820342805
261,90059,2020/4/26 - 2020/5/2,22.400291,4.874715233911711
262,90059,2020/5/3 - 2020/5/9,16.662745,3.6261195425867703
263,90059,2020/5/10 - 2020/5/16,15.724923,3.422032367220164
264,90059,2020/5/17 - 2020/5/23,15.772192,3.4323189417963906
265,90061,2020/4/5 - 2020/4/11,21.59875,7.81261273267981
266,90061,2020/4/12 - 2020/4/18,10.21054,3.6933154227772764
267,90061,2020/4/19 - 2020/4/25,8.299164,3.0019401788176863
268,90061,2020/4/26 - 2020/5/2,18.24641,6.600018219588023
269,90061,2020/5/3 - 2020/5/9,22.935606,8.296175216236568
270,90061,2020/5/10 - 2020/5/16,23.719755,8.579814502180964
271,90061,2020/5/17 - 2020/5/23,20.251678,7.325355735656831
272,90064,2020/4/12 - 2020/4/18,-0.6882385,-0.27065102896251014
273,90064,2020/4/19 - 2020/4/25,-2.5742145,-1.0123144671302748
274,90064,2020/4/26 - 2020/5/2,2.177869,0.8564509345617966
275,90064,2020/5/3 - 2020/5/9,0.863636,0.3396264174154324
276,90064,2020/5/10 - 2020/5/16,-0.0632263,-0.02486385524312766
277,90064,2020/5/17 - 2020/5/23,-0.2970736,-0.11682472872562492
278,90065,2020/4/12 - 2020/4/18,15.613672,3.260524204161824
279,90065,2020/4/19 - 2020/4/25,19.507301,4.073611069928458
280,90065,2020/4/26 - 2020/5/2,33.397938,6.9743224204185275
281,90065,2020/5/3 - 2020/5/9,32.633686,6.814727601577427
282,90065,2020/5/10 - 2020/5/16,26.677855,5.571001427937408
283,90065,2020/5/17 - 2020/5/23,28.607344,5.973926884896956
284,90066,2020/4/5 - 2020/4/11,20.15734,3.393834241854284
285,90066,2020/4/12 - 2020/4/18,18.310368,3.082864865849836
286,90066,2020/4/19 - 2020/4/25,11.696654,1.9693326463553866
287,90066,2020/4/26 - 2020/5/2,24.323038,4.095201215812421
288,90066,2020/5/3 - 2020/5/9,16.439138,2.767811296170587
289,90066,2020/5/10 - 2020/5/16,11.545481,1.9438799757802832
290,90066,2020/5/17 - 2020/5/23,8.711169,1.466674957547713
291,90068,2020/4/5 - 2020/4/11,22.576185,10.759787068172924
292,90068,2020/4/12 - 2020/4/18,14.47065,6.89669703519125
293,90068,2020/4/19 - 2020/4/25,6.171499,2.941330080775035
294,90068,2020/4/26 - 2020/5/2,11.597691,5.527447613323511
295,90068,2020/5/3 - 2020/5/9,10.824017,5.158715361283444
296,90068,2020/5/10 - 2020/5/16,8.73728,4.164178768452851
297,90068,2020/5/17 - 2020/5/23,7.6677065,3.6544211655528493
298,90069,2020/4/5 - 2020/4/11,26.822678,13.125851535260429
299,90069,2020/4/12 - 2020/4/18,19.52132,9.552884924403024
300,90069,2020/4/19 - 2020/4/25,13.480482,6.5967614883486325
301,90069,2020/4/26 - 2020/5/2,18.051243,8.833492942681254
302,90069,2020/5/3 - 2020/5/9,14.647592,7.167894098791949
303,90069,2020/5/10 - 2020/5/16,9.326725,4.56409347007757
304,90069,2020/5/17 - 2020/5/23,6.4043436,3.1340071470719373
305,90077,2020/4/12 - 2020/4/18,0.99116784,1.1021548352516706
306,90077,2020/4/19 - 2020/4/25,-0.5236374,-0.5822722272640684
307,90077,2020/4/26 - 2020/5/2,1.6714686,1.8586329539996902
308,90077,2020/5/3 - 2020/5/9,0.04455226,0.049541042085140895
309,90077,2020/5/10 - 2020/5/16,-1.1196502,-1.2450241795983872
310,90077,2020/5/17 - 2020/5/23,-0.6419515,-0.7138346506944027
311,90094,2020/4/5 - 2020/4/11,16.776335,17.908128482678524
312,90094,2020/4/12 - 2020/4/18,-0.6417496,-0.6850444283065992
313,90094,2020/4/19 - 2020/4/25,-4.8223877,-5.147723842135461
314,90094,2020/4/26 - 2020/5/2,-1.1015408,-1.1758548291089899
315,90094,2020/5/3 - 2020/5/9,-2.2711315,-2.424350464883571
316,90094,2020/5/10 - 2020/5/16,-3.8338711,-4.092518281570161
317,90094,2020/5/17 - 2020/5/23,-2.4270604,-2.5907988531990607
318,90201,2020/4/12 - 2020/4/18,34.527214,3.3707119824951888
319,90201,2020/4/19 - 2020/4/25,39.942192,3.899348069239085
320,90201,2020/4/26 - 2020/5/2,93.96509,9.173321868013726
321,90201,2020/5/3 - 2020/5/9,90.17651,8.803463109727822
322,90201,2020/5/10 - 2020/5/16,71.79913,7.009375230714833
323,90201,2020/5/17 - 2020/5/23,57.49193,5.612637343491447
324,90210,2020/4/5 - 2020/4/11,35.57698,17.869797875744794
325,90210,2020/4/12 - 2020/4/18,27.495962,13.810820303854706
326,90210,2020/4/19 - 2020/4/25,6.0021763,3.014805507453935
327,90210,2020/4/26 - 2020/5/2,12.96834,6.513807785445751
328,90210,2020/5/3 - 2020/5/9,15.885843,7.979227121893384
329,90210,2020/5/10 - 2020/5/16,10.456899,5.252347525877753
330,90210,2020/5/17 - 2020/5/23,10.104679,5.07543277294993
331,90220,2020/4/12 - 2020/4/18,18.584429,3.4605941543733953
332,90220,2020/4/19 - 2020/4/25,25.82927,4.80965111989641
333,90220,2020/4/26 - 2020/5/2,49.2893,9.178127667212348
334,90220,2020/5/3 - 2020/5/9,64.42767,11.997034307179069
335,90220,2020/5/10 - 2020/5/16,52.093605,9.700315632553844
336,90220,2020/5/17 - 2020/5/23,51.622013,9.612500808528576
337,90221,2020/4/19 - 2020/4/25,3.5049758,0.6698856686949752
338,90221,2020/4/26 - 2020/5/2,15.505507,2.963477594353665
339,90221,2020/5/3 - 2020/5/9,7.1516585,1.366854962540358
340,90221,2020/5/10 - 2020/5/16,5.2363725,1.0007974601230292
341,90221,2020/5/17 - 2020/5/23,3.5538347,0.679223782871938
342,90222,2020/4/19 - 2020/4/25,0.1958298,0.059613331449267705
343,90222,2020/4/26 - 2020/5/2,9.361361,2.8497292389426963
344,90222,2020/5/3 - 2020/5/9,2.3962035,0.7294379049965961
345,90222,2020/5/10 - 2020/5/16,-0.15120554,-0.04602908362355225
346,90222,2020/5/17 - 2020/5/23,0.8083722,0.24607981721015826
347,90230,2020/4/5 - 2020/4/11,17.244375,5.256149484540916
348,90230,2020/4/12 - 2020/4/18,7.849694,2.392615756881554
349,90230,2020/4/19 - 2020/4/25,2.6148322,0.7970105348869347
350,90230,2020/4/26 - 2020/5/2,9.110821,2.7770119392415484
351,90230,2020/5/3 - 2020/5/9,8.807012,2.6844097794163257
352,90230,2020/5/10 - 2020/5/16,5.1957006,1.5836688141449577
353,90230,2020/5/17 - 2020/5/23,18.02864,5.49519652129673
354,90241,2020/4/12 - 2020/4/18,27.573088,6.246310330575797
355,90241,2020/4/19 - 2020/4/25,26.912197,6.096594502647557
356,90241,2020/4/26 - 2020/5/2,42.187103,9.556918032640368
357,90241,2020/5/3 - 2020/5/9,46.565678,10.548824874345257
358,90241,2020/5/10 - 2020/5/16,44.297844,10.0350778001281
359,90241,2020/5/17 - 2020/5/23,43.13472,9.771587759924067
360,90245,2020/4/5 - 2020/4/11,14.503205,8.607243501114208
361,90245,2020/4/12 - 2020/4/18,1.7603086,1.0446935449934147
362,90245,2020/4/19 - 2020/4/25,-0.39321133,-0.2333598426966002
363,90245,2020/4/26 - 2020/5/2,5.269945,3.1275638840672526
364,90245,2020/5/3 - 2020/5/9,4.2729406,2.5358698134606246
365,90245,2020/5/10 - 2020/5/16,1.0697416,0.6348614876631106
366,90245,2020/5/17 - 2020/5/23,1.4166777,0.8407582868808101
367,90247,2020/4/5 - 2020/4/11,18.708067,3.93597166908073
368,90247,2020/4/12 - 2020/4/18,15.062708,3.1690281923378376
369,90247,2020/4/19 - 2020/4/25,26.363806,5.5466549769358995
370,90247,2020/4/26 - 2020/5/2,45.253334,9.520804116347259
371,90247,2020/5/3 - 2020/5/9,30.536308,6.4245036478454525
372,90247,2020/5/10 - 2020/5/16,26.522556,5.5800543445186594
373,90247,2020/5/17 - 2020/5/23,19.081835,4.014608317327811
374,90248,2020/4/12 - 2020/4/18,3.6967943,3.2112528417904067
375,90248,2020/4/19 - 2020/4/25,5.178583,4.498421773055595
376,90248,2020/4/26 - 2020/5/2,10.733012,9.32332539906346
377,90248,2020/5/3 - 2020/5/9,7.7102323,6.697561030092961
378,90248,2020/5/10 - 2020/5/16,8.745587,7.596931331600059
379,90248,2020/5/17 - 2020/5/23,8.09339,7.030394774828626
380,90249,2020/4/19 - 2020/4/25,-2.4598715,-0.9252159064703942
381,90249,2020/4/26 - 2020/5/2,3.9516737,1.48631802990522
382,90249,2020/5/3 - 2020/5/9,1.0923005,0.41084008509736036
383,90249,2020/5/10 - 2020/5/16,0.787333,0.2961345814221978
384,90249,2020/5/17 - 2020/5/23,0.66336143,0.24950593529475001
385,90250,2020/4/5 - 2020/4/11,19.06556,1.9688503642454285
386,90250,2020/4/12 - 2020/4/18,25.728382,2.6569026096282067
387,90250,2020/4/19 - 2020/4/25,30.394257,3.138735242244297
388,90250,2020/4/26 - 2020/5/2,57.047153,5.89111006990173
389,90250,2020/5/3 - 2020/5/9,54.986732,5.678335792774398
390,90250,2020/5/10 - 2020/5/16,48.63605,5.022517573833958
391,90250,2020/5/17 - 2020/5/23,39.25614,4.053878894481149
392,90254,2020/4/12 - 2020/4/18,0.7554713,0.3844637603856832
393,90254,2020/4/19 - 2020/4/25,-1.6247861,-0.8268631748267409
394,90254,2020/4/26 - 2020/5/2,2.022978,1.0295053778107233
395,90254,2020/5/3 - 2020/5/9,0.4245404,0.2160510944046137
396,90254,2020/5/10 - 2020/5/16,-2.8687315,-1.4599142487115835
397,90254,2020/5/17 - 2020/5/23,-0.6253582,-0.31824846000768453
398,90255,2020/4/12 - 2020/4/18,20.530626,2.7171289434882304
399,90255,2020/4/19 - 2020/4/25,27.977043,3.702626145031163
400,90255,2020/4/26 - 2020/5/2,49.718613,6.5800175583507725
401,90255,2020/5/3 - 2020/5/9,62.295357,8.244488717640058
402,90255,2020/5/10 - 2020/5/16,52.995544,7.013703604234218
403,90255,2020/5/17 - 2020/5/23,43.0592,5.698676586403551
404,90262,2020/4/5 - 2020/4/11,20.944067,2.9525300272559454
405,90262,2020/4/12 - 2020/4/18,20.124607,2.837009006171992
406,90262,2020/4/19 - 2020/4/25,24.71318,3.4838700437002634
407,90262,2020/4/26 - 2020/5/2,53.464565,7.537014390027576
408,90262,2020/5/3 - 2020/5/9,50.41774,7.1074968800276395
409,90262,2020/5/10 - 2020/5/16,46.11575,6.501036054913
410,90262,2020/5/17 - 2020/5/23,48.197563,6.794513811236427
411,90265,2020/4/5 - 2020/4/11,14.138794,7.68872366377318
412,90265,2020/4/12 - 2020/4/18,2.8602316,1.555403577113879
413,90265,2020/4/19 - 2020/4/25,2.5213654,1.371126980330104
414,90265,2020/4/26 - 2020/5/2,10.144154,5.516424816450434
415,90265,2020/5/3 - 2020/5/9,3.209984,1.7456001218675148
416,90265,2020/5/10 - 2020/5/16,2.9762714,1.6185063847489896
417,90265,2020/5/17 - 2020/5/23,3.5557582,1.9336332795903775
418,90266,2020/4/5 - 2020/4/11,19.964672,5.612310485093483
419,90266,2020/4/12 - 2020/4/18,7.747964,2.1780462444366435
420,90266,2020/4/19 - 2020/4/25,2.050518,0.5764253888872661
421,90266,2020/4/26 - 2020/5/2,11.738036,3.29970375163767
422,90266,2020/5/3 - 2020/5/9,4.8689003,1.3687066873955713
423,90266,2020/5/10 - 2020/5/16,1.5965437,0.44880771082017895
424,90266,2020/5/17 - 2020/5/23,3.5711577,1.0038955651372994
425,90270,2020/4/12 - 2020/4/18,6.2778277,2.2866714284678284
426,90270,2020/4/19 - 2020/4/25,6.624729,2.413028759559314
427,90270,2020/4/26 - 2020/5/2,18.774836,6.838652140506976
428,90270,2020/5/3 - 2020/5/9,13.176821,4.799599604795251
429,90270,2020/5/10 - 2020/5/16,11.559035,4.210328295042069
430,90270,2020/5/17 - 2020/5/23,13.322244,4.8525692760583965
431,90272,2020/4/5 - 2020/4/11,13.554412,6.010559127365775
432,90272,2020/4/12 - 2020/4/18,3.282518,1.4555974945694923
433,90272,2020/4/19 - 2020/4/25,0.12759319,0.0565798365828214
434,90272,2020/4/26 - 2020/5/2,1.7137613,0.7599491506588971
435,90272,2020/5/3 - 2020/5/9,0.46154234,0.20466601841730223
436,90272,2020/5/10 - 2020/5/16,-0.24397431,-0.10818780237679725
437,90272,2020/5/17 - 2020/5/23,1.0126499,0.449048775557927
438,90274,2020/4/12 - 2020/4/18,3.875392,1.533047968726628
439,90274,2020/4/19 - 2020/4/25,4.6658096,1.845725555341452
440,90274,2020/4/26 - 2020/5/2,5.8882604,2.3293090567397723
441,90274,2020/5/3 - 2020/5/9,0.044180293,0.01747707292066778
442,90274,2020/5/10 - 2020/5/16,-0.5007986,-0.1981085418848454
443,90274,2020/5/17 - 2020/5/23,1.5905567,0.6292008152066154
444,90275,2020/4/5 - 2020/4/11,15.652155,3.689718517358231
445,90275,2020/4/12 - 2020/4/18,11.705065,2.75926186878187
446,90275,2020/4/19 - 2020/4/25,10.719486,2.5269291710643937
447,90275,2020/4/26 - 2020/5/2,21.977766,5.180869389450344
448,90275,2020/5/3 - 2020/5/9,11.87566,2.799476660763997
449,90275,2020/5/10 - 2020/5/16,9.749265,2.2982166184441786
450,90275,2020/5/17 - 2020/5/23,14.30584,3.3723484921558233
451,90278,2020/4/5 - 2020/4/11,20.336544,5.002962935586419
452,90278,2020/4/12 - 2020/4/18,18.68524,4.59672803559008
453,90278,2020/4/19 - 2020/4/25,14.171501,3.486309911601262
454,90278,2020/4/26 - 2020/5/2,17.95282,4.4165464892663415
455,90278,2020/5/3 - 2020/5/9,9.565618,2.353223341617342
456,90278,2020/5/10 - 2020/5/16,7.970514,1.9608142440522998
457,90278,2020/5/17 - 2020/5/23,7.2015333,1.7716384948131363
458,90280,2020/4/5 - 2020/4/11,17.620289,1.8527584670175445
459,90280,2020/4/12 - 2020/4/18,31.619236,3.324735917103734
460,90280,2020/4/19 - 2020/4/25,37.217575,3.9133965356762865
461,90280,2020/4/26 - 2020/5/2,66.13463,6.954000220381948
462,90280,2020/5/3 - 2020/5/9,64.90716,6.824932746385415
463,90280,2020/5/10 - 2020/5/16,53.095318,5.5829277562827855
464,90280,2020/5/17 - 2020/5/23,41.218098,4.3340481043466115
465,90291,2020/4/5 - 2020/4/11,19.213099,6.98023561344268
466,90291,2020/4/12 - 2020/4/18,4.5770082,1.6628549490919122
467,90291,2020/4/19 - 2020/4/25,0.45096076,0.16383678668418003
468,90291,2020/4/26 - 2020/5/2,8.367818,3.0400791566659926
469,90291,2020/5/3 - 2020/5/9,5.8310013,2.118438249496197
470,90291,2020/5/10 - 2020/5/16,3.4705706,1.260879405729344
471,90291,2020/5/17 - 2020/5/23,3.5383644,1.285509322579615
472,90292,2020/4/12 - 2020/4/18,1.9070553,0.8479569847714165
473,90292,2020/4/19 - 2020/4/25,-1.482868,-0.6593454673906176
474,90292,2020/4/26 - 2020/5/2,1.6575924,0.7370353116094404
475,90292,2020/5/3 - 2020/5/9,-0.8135633,-0.36174445854075066
476,90292,2020/5/10 - 2020/5/16,-3.1145136,-1.384843768624
477,90292,2020/5/17 - 2020/5/23,-1.1361374,-0.5051744625588532
478,90293,2020/4/12 - 2020/4/18,-2.26704,-1.7859146165644932
479,90293,2020/4/19 - 2020/4/25,-4.829087,-3.8042278088451993
480,90293,2020/4/26 - 2020/5/2,-1.2125856,-0.9552430821081137
481,90293,2020/5/3 - 2020/5/9,-2.9345272,-2.3117434683607865
482,90293,2020/5/10 - 2020/5/16,-3.8222196,-3.0110442809313325
483,90293,2020/5/17 - 2020/5/23,-1.6778818,-1.3217912690177835
484,90304,2020/4/12 - 2020/4/18,6.934977,2.709928121056601
485,90304,2020/4/19 - 2020/4/25,3.1140766,1.2168639812355448
486,90304,2020/4/26 - 2020/5/2,11.416464,4.461124556261463
487,90304,2020/5/3 - 2020/5/9,9.419813,3.680908583536372
488,90304,2020/5/10 - 2020/5/16,11.132752,4.350260802046839
489,90304,2020/5/17 - 2020/5/23,10.307126,4.027637077576903
490,90403,2020/4/5 - 2020/4/11,27.713814,11.379573697026476
491,90403,2020/4/12 - 2020/4/18,18.945871,7.779367394739843
492,90403,2020/4/19 - 2020/4/25,12.456781,5.114881082092921
493,90403,2020/5/3 - 2020/5/9,17.70361,7.269282034389724
494,90403,2020/5/17 - 2020/5/23,19.41499,7.971992063494928
495,90502,2020/4/12 - 2020/4/18,2.941023,1.6170129268437343
496,90502,2020/4/19 - 2020/4/25,1.3985611,0.7689471739791424
497,90502,2020/4/26 - 2020/5/2,5.273068,2.8992016446021514
498,90502,2020/5/3 - 2020/5/9,7.225336,3.972584162540742
499,90502,2020/5/10 - 2020/5/16,5.7399416,3.155894874084486
500,90502,2020/5/17 - 2020/5/23,4.932905,2.7121757186846023
501,90503,2020/4/5 - 2020/4/11,22.489334,5.007868109567407
502,90503,2020/4/12 - 2020/4/18,27.830067,6.19712894827385
503,90503,2020/4/19 - 2020/4/25,35.234787,7.845993361384316
504,90503,2020/4/26 - 2020/5/2,59.598907,13.271334165561397
505,90503,2020/5/3 - 2020/5/9,39.312763,8.75406680638446
506,90503,2020/5/10 - 2020/5/16,33.826496,7.532398709420945
507,90503,2020/5/17 - 2020/5/23,28.482574,6.342427732896282
508,90505,2020/4/12 - 2020/4/18,4.723879,1.2549822960265755
509,90505,2020/4/19 - 2020/4/25,4.4179196,1.1736987954020097
510,90505,2020/4/26 - 2020/5/2,17.008059,4.518492746731924
511,90505,2020/5/3 - 2020/5/9,14.173227,3.7653694934195863
512,90505,2020/5/10 - 2020/5/16,9.774669,2.596814296523068
513,90505,2020/5/17 - 2020/5/23,7.0522223,1.8735480597997103
514,90601,2020/4/19 - 2020/4/25,-1.0412927,-0.31498961443188217
515,90601,2020/4/26 - 2020/5/2,4.8899555,1.479204888568541
516,90601,2020/5/3 - 2020/5/9,3.1898057,0.9649118960852112
517,90601,2020/5/10 - 2020/5/16,1.0641975,0.3219183073032861
518,90601,2020/5/17 - 2020/5/23,1.0254846,0.310207684046272
519,90602,2020/4/5 - 2020/4/11,16.999323,6.5429825223183675
520,90602,2020/4/12 - 2020/4/18,7.162033,2.7566425776739494
521,90602,2020/4/19 - 2020/4/25,12.819208,4.934070337993766
522,90602,2020/4/26 - 2020/5/2,25.025064,9.632063611248139
523,90602,2020/5/3 - 2020/5/9,21.238588,8.174661611612287
524,90602,2020/5/10 - 2020/5/16,18.840721,7.251730545541394
525,90602,2020/5/17 - 2020/5/23,25.255716,9.72084073894482
526,90604,2020/4/5 - 2020/4/11,15.298788,3.6371129188785183
527,90604,2020/4/12 - 2020/4/18,7.6934733,1.829035812728719
528,90604,2020/4/19 - 2020/4/25,7.238484,1.7208672481259626
529,90604,2020/4/26 - 2020/5/2,22.986412,5.464758112436071
530,90604,2020/5/3 - 2020/5/9,17.683405,4.204028462659665
531,90604,2020/5/10 - 2020/5/16,10.802647,2.568206413466203
532,90604,2020/5/17 - 2020/5/23,10.099892,2.4011344085295048
533,90606,2020/4/19 - 2020/4/25,0.83444536,0.2543808058173621
534,90606,2020/4/26 - 2020/5/2,11.132687,3.3938013642015163
535,90606,2020/5/3 - 2020/5/9,7.699712,2.347258421370479
536,90606,2020/5/10 - 2020/5/16,5.0337954,1.5345533508369626
537,90606,2020/5/17 - 2020/5/23,7.7885137,2.3743296833920398
538,90631,2020/4/26 - 2020/5/2,9.467374,1.4001055691390623
539,90631,2020/5/3 - 2020/5/9,6.5703087,0.9716660532250897
540,90631,2020/5/10 - 2020/5/16,2.636633,0.3899248612537191
541,90631,2020/5/17 - 2020/5/23,3.2791383,0.4849433334780014
542,90638,2020/4/5 - 2020/4/11,16.990765,3.4406100516209874
543,90638,2020/4/12 - 2020/4/18,9.140264,1.8508927277472171
544,90638,2020/4/19 - 2020/4/25,6.671379,1.3509464976521208
545,90638,2020/4/26 - 2020/5/2,21.876453,4.429956341181824
546,90638,2020/5/3 - 2020/5/9,16.387695,3.3184892194682383
547,90638,2020/5/10 - 2020/5/16,13.349584,2.703275140391118
548,90638,2020/5/17 - 2020/5/23,9.68938,1.962088105639114
549,90640,2020/4/12 - 2020/4/18,10.18062,1.611444068803749
550,90640,2020/4/19 - 2020/4/25,20.032251,3.170813960465395
551,90640,2020/4/26 - 2020/5/2,38.58723,6.107797249374463
552,90640,2020/5/3 - 2020/5/9,29.351828,4.64596730162242
553,90640,2020/5/10 - 2020/5/16,28.891384,4.573085794633468
554,90640,2020/5/17 - 2020/5/23,36.96689,5.851320643230032
555,90650,2020/4/12 - 2020/4/18,28.999296,2.738728083821704
556,90650,2020/4/19 - 2020/4/25,29.154686,2.753403280331781
557,90650,2020/4/26 - 2020/5/2,57.407486,5.421631373544573
558,90650,2020/5/3 - 2020/5/9,51.93063,4.904390545513534
559,90650,2020/5/10 - 2020/5/16,39.94759,3.7726979840835972
560,90650,2020/5/17 - 2020/5/23,33.309113,3.145752275922041
561,90660,2020/4/12 - 2020/4/18,17.613039,2.778958506898648
562,90660,2020/4/19 - 2020/4/25,19.843908,3.1309416708640776
563,90660,2020/4/26 - 2020/5/2,39.339546,6.2069337651646075
564,90660,2020/5/3 - 2020/5/9,42.729836,6.741848455388752
565,90660,2020/5/10 - 2020/5/16,39.606632,6.249074192594827
566,90660,2020/5/17 - 2020/5/23,46.58815,7.350607450996224
567,90670,2020/4/19 - 2020/4/25,-0.6723147,-0.4055463285465726
568,90670,2020/4/26 - 2020/5/2,9.000288,5.429055380409913
569,90670,2020/5/3 - 2020/5/9,2.6468956,1.5966314676372
570,90670,2020/5/10 - 2020/5/16,2.8859878,1.7408539984536582
571,90670,2020/5/17 - 2020/5/23,3.7217197,2.2449751126922965
572,90701,2020/4/12 - 2020/4/18,-1.7820435,-1.0570906732893879
573,90701,2020/4/19 - 2020/4/25,-2.940167,-1.7440781529397498
574,90701,2020/4/26 - 2020/5/2,3.9662654,2.3527496974654065
575,90701,2020/5/3 - 2020/5/9,-0.24161144,-0.14332153043623624
576,90701,2020/5/10 - 2020/5/16,-2.7255275,-1.6167561543173095
577,90701,2020/5/17 - 2020/5/23,-0.86096615,-0.5107166603347247
578,90703,2020/4/5 - 2020/4/11,12.155501,2.3851620520106
579,90703,2020/4/12 - 2020/4/18,8.221593,1.6132474350287869
580,90703,2020/4/19 - 2020/4/25,6.432309,1.26215276783074
581,90703,2020/4/26 - 2020/5/2,16.19206,3.177218858893914
582,90703,2020/5/3 - 2020/5/9,8.005879,1.570919961964689
583,90703,2020/5/10 - 2020/5/16,4.68473,0.9192414208245193
584,90703,2020/5/17 - 2020/5/23,6.326604,1.241411198215437
585,90706,2020/4/5 - 2020/4/11,16.932596,2.184033872056268
586,90706,2020/4/12 - 2020/4/18,19.900003,2.566781905251911
587,90706,2020/4/19 - 2020/4/25,18.75063,2.4185310561272333
588,90706,2020/4/26 - 2020/5/2,40.964996,5.28382880443326
589,90706,2020/5/3 - 2020/5/9,36.46185,4.702994906763467
590,90706,2020/5/10 - 2020/5/16,31.51714,4.0652064949650395
591,90706,2020/5/17 - 2020/5/23,29.535023,3.809545168336455
592,90710,2020/4/12 - 2020/4/18,6.912519,2.452552413737412
593,90710,2020/4/19 - 2020/4/25,2.7956686,0.991899450768049
594,90710,2020/4/26 - 2020/5/2,7.3177247,2.5963188592309496
595,90710,2020/5/3 - 2020/5/9,5.3925443,1.9132674364242568
596,90710,2020/5/10 - 2020/5/16,4.9766893,1.7657226676189754
597,90710,2020/5/17 - 2020/5/23,5.374844,1.9069874309914023
598,90713,2020/4/5 - 2020/4/11,16.85491,5.799838235728497
599,90713,2020/4/12 - 2020/4/18,9.264249,3.1878630631985914
600,90713,2020/4/19 - 2020/4/25,7.152826,2.4613144187629272
601,90713,2020/4/26 - 2020/5/2,15.435387,5.311374920930059
602,90713,2020/5/3 - 2020/5/9,15.317305,5.270742442175443
603,90713,2020/5/10 - 2020/5/16,10.290585,3.54102906445373
604,90713,2020/5/17 - 2020/5/23,11.820512,4.067482818186617
605,90716,2020/4/12 - 2020/4/18,-0.038577233,-0.026894333874687294
606,90716,2020/4/19 - 2020/4/25,-2.8625002,-1.9956080526595532
607,90716,2020/4/26 - 2020/5/2,4.1131396,2.8674983472978344
608,90716,2020/5/3 - 2020/5/9,2.0931473,1.4592493571054317
609,90716,2020/5/10 - 2020/5/16,-0.9426999,-0.6572085256624408
610,90716,2020/5/17 - 2020/5/23,1.1501681,0.8018461107476357
611,90717,2020/4/5 - 2020/4/11,16.998829,7.83500594023758
612,90717,2020/4/12 - 2020/4/18,2.9998116,1.3826565492821303
613,90717,2020/4/19 - 2020/4/25,2.4839773,1.14490104987558
614,90717,2020/4/26 - 2020/5/2,11.402546,5.255598234216021
615,90717,2020/5/3 - 2020/5/9,2.942486,1.3562343509148005
616,90717,2020/5/10 - 2020/5/16,0.043326538,0.019969827643867614
617,90717,2020/5/17 - 2020/5/23,2.4320047,1.1209461145696387
618,90723,2020/4/5 - 2020/4/11,16.587402,3.028224467604425
619,90723,2020/4/12 - 2020/4/18,11.986842,2.188338351733705
620,90723,2020/4/19 - 2020/4/25,12.267807,2.239631774287268
621,90723,2020/4/26 - 2020/5/2,36.865837,6.730290108289756
622,90723,2020/5/3 - 2020/5/9,36.960323,6.7475396768183575
623,90723,2020/5/10 - 2020/5/16,30.886316,5.638658591251365
624,90723,2020/5/17 - 2020/5/23,22.463198,4.100919692589799
625,90731,2020/4/5 - 2020/4/11,19.02168,3.075453651076666
626,90731,2020/4/12 - 2020/4/18,15.297921,2.4733906516936295
627,90731,2020/4/19 - 2020/4/25,14.925051,2.413104403471889
628,90731,2020/4/26 - 2020/5/2,41.101685,6.6453814988379145
629,90731,2020/5/3 - 2020/5/9,54.956093,8.885382834999621
630,90731,2020/5/10 - 2020/5/16,145.48216,23.521772429359086
631,90731,2020/5/17 - 2020/5/23,92.914734,15.022592382654608
632,90732,2020/4/12 - 2020/4/18,-0.025724858,-0.011549794839302295
633,90732,2020/4/19 - 2020/4/25,-0.8174353,-0.3670072842419284
634,90732,2020/4/26 - 2020/5/2,4.5590262,2.0468846770989497
635,90732,2020/5/3 - 2020/5/9,-0.613937,-0.27564181758264217
636,90732,2020/5/10 - 2020/5/16,-1.7979496,-0.8072327717577384
637,90732,2020/5/17 - 2020/5/23,0.09029013,0.04053792896543928
638,90744,2020/4/5 - 2020/4/11,20.488174,3.5814729990694265
639,90744,2020/4/12 - 2020/4/18,13.648373,2.3858288728711123
640,90744,2020/4/19 - 2020/4/25,13.76904,2.4069223696337887
641,90744,2020/4/26 - 2020/5/2,35.06291,6.129236124288959
642,90744,2020/5/3 - 2020/5/9,24.63802,4.306894305102189
643,90744,2020/5/10 - 2020/5/16,24.886826,4.350387295305289
644,90744,2020/5/17 - 2020/5/23,20.46998,3.5782925287326792
645,90745,2020/4/19 - 2020/4/25,4.178661,0.7354078368206101
646,90745,2020/4/26 - 2020/5/2,17.372772,3.057456260325738
647,90745,2020/5/3 - 2020/5/9,6.6310005,1.1669982081974672
648,90745,2020/5/10 - 2020/5/16,3.1618266,0.5564538833468586
649,90745,2020/5/17 - 2020/5/23,4.1538258,0.731037074301349
650,90746,2020/4/5 - 2020/4/11,21.762856,8.061511160833144
651,90746,2020/4/12 - 2020/4/18,28.911007,10.709366916391405
652,90746,2020/4/19 - 2020/4/25,30.230967,11.198313293818774
653,90746,2020/4/26 - 2020/5/2,45.465263,16.84148146640214
654,90746,2020/5/3 - 2020/5/9,47.435184,17.571189983241876
655,90746,2020/5/10 - 2020/5/16,41.5201,15.380093213769662
656,90746,2020/5/17 - 2020/5/23,38.720413,14.343018672398804
657,90755,2020/4/5 - 2020/4/11,40.622265,36.68255811997521
658,90755,2020/4/12 - 2020/4/18,82.64067,74.62585405126168
659,90755,2020/4/19 - 2020/4/25,114.34089,103.251660625836
660,90755,2020/4/26 - 2020/5/2,152.05615,137.30914966927037
661,90755,2020/5/3 - 2020/5/9,146.22961,132.0476921237245
662,90755,2020/5/10 - 2020/5/16,174.66817,157.72816246546668
663,90755,2020/5/17 - 2020/5/23,196.80501,177.71808554683972
664,91001,2020/4/5 - 2020/4/11,16.690626,4.425930403439097
665,91001,2020/4/12 - 2020/4/18,8.024929,2.128007490289533
666,91001,2020/4/19 - 2020/4/25,5.7111807,1.5144601540533753
667,91001,2020/4/26 - 2020/5/2,12.892128,3.4186651085154613
668,91001,2020/5/3 - 2020/5/9,9.224185,2.4460197263210204
669,91001,2020/5/10 - 2020/5/16,5.960333,1.5805289890173686
670,91001,2020/5/17 - 2020/5/23,11.703393,3.103442757413728
671,91006,2020/4/26 - 2020/5/2,2.6768763,0.8108797729715902
672,91006,2020/5/3 - 2020/5/9,-0.77250516,-0.23400738039089522
673,91006,2020/5/10 - 2020/5/16,-2.138006,-0.6476450902425086
674,91006,2020/5/17 - 2020/5/23,-0.8926862,-0.27041263426056517
675,91007,2020/4/5 - 2020/4/11,15.719678,4.553392788897217
676,91007,2020/4/12 - 2020/4/18,1.4972955,0.4337095556145067
677,91007,2020/4/19 - 2020/4/25,-0.44180804,-0.12797498621511194
678,91007,2020/4/26 - 2020/5/2,7.3981566,2.142964586772244
679,91007,2020/5/3 - 2020/5/9,2.365309,0.6851400515642496
680,91007,2020/5/10 - 2020/5/16,0.8332657,0.24136538591603948
681,91007,2020/5/17 - 2020/5/23,2.2588482,0.6543024042834102
682,91008,2020/4/12 - 2020/4/18,1.7280148,12.422824060205587
683,91008,2020/4/19 - 2020/4/25,-2.115851,-15.211005934188043
684,91008,2020/4/26 - 2020/5/2,27.73465,199.38641019556525
685,91008,2020/5/3 - 2020/5/9,29.980225,215.53001156991374
686,91008,2020/5/10 - 2020/5/16,25.94062,186.48900375530755
687,91008,2020/5/17 - 2020/5/23,15.310095,110.06538341749837
688,91010,2020/5/3 - 2020/5/9,0.5164873,0.19416085876319145
689,91010,2020/5/10 - 2020/5/16,-0.6821524,-0.25643862654788974
690,91010,2020/5/17 - 2020/5/23,0.4750111,0.17856889226186465
691,91011,2020/4/5 - 2020/4/11,11.845985,5.800316022424549
692,91011,2020/4/12 - 2020/4/18,0.6413339,0.31402530384385924
693,91011,2020/4/19 - 2020/4/25,-1.7921788,-0.8775296234824203
694,91011,2020/4/26 - 2020/5/2,2.1061077,1.0312430650697704
695,91011,2020/5/3 - 2020/5/9,2.300204,1.126281172511382
696,91011,2020/5/10 - 2020/5/16,0.13886204,0.06799297048384463
697,91011,2020/5/17 - 2020/5/23,1.9411665,0.9504805954652663
698,91016,2020/4/12 - 2020/4/18,4.452537,1.0684977705800043
699,91016,2020/4/19 - 2020/4/25,2.5353868,0.6084295555100648
700,91016,2020/4/26 - 2020/5/2,13.212,3.1705502371405716
701,91016,2020/5/3 - 2020/5/9,9.5701065,2.296586716504921
702,91016,2020/5/10 - 2020/5/16,10.72477,2.573677039736305
703,91016,2020/5/17 - 2020/5/23,15.861368,3.806332504456646
704,91024,2020/4/19 - 2020/4/25,-3.2129185,-2.9192427039558013
705,91024,2020/4/26 - 2020/5/2,0.1627778,0.14789914263826315
706,91024,2020/5/3 - 2020/5/9,-1.11671,-1.0146374228475918
707,91024,2020/5/10 - 2020/5/16,-1.8289008,-1.6617307051212034
708,91024,2020/5/17 - 2020/5/23,-0.2415583,-0.2194787374782753
709,91030,2020/4/5 - 2020/4/11,16.34642,6.337295606763564
710,91030,2020/4/12 - 2020/4/18,1.317458,0.5107614303953271
711,91030,2020/4/19 - 2020/4/25,-1.5609989,-0.6051790790982308
712,91030,2020/4/26 - 2020/5/2,7.5416713,2.923808357018116
713,91030,2020/5/3 - 2020/5/9,12.922239,5.009784951379727
714,91030,2020/5/10 - 2020/5/16,15.676264,6.077484612392069
715,91030,2020/5/17 - 2020/5/23,7.6642294,2.971322552921366
716,91040,2020/4/5 - 2020/4/11,13.461892,6.661994421730451
717,91040,2020/4/12 - 2020/4/18,7.061964,3.494810726497837
718,91040,2020/4/19 - 2020/4/25,11.270016,5.577282979439172
719,91040,2020/4/26 - 2020/5/2,20.204708,9.99886578876886
720,91040,2020/5/3 - 2020/5/9,23.071884,11.417768177004719
721,91040,2020/5/10 - 2020/5/16,32.7835,16.223833657339892
722,91040,2020/5/17 - 2020/5/23,23.184546,11.473521807773432
723,91042,2020/4/5 - 2020/4/11,14.442543,5.423207175767022
724,91042,2020/4/12 - 2020/4/18,3.1512468,1.183300208823384
725,91042,2020/4/19 - 2020/4/25,0.16250502,0.06102099648186619
726,91042,2020/4/26 - 2020/5/2,8.767041,3.2920435606473144
727,91042,2020/5/3 - 2020/5/9,12.578793,4.723364714814121
728,91042,2020/5/10 - 2020/5/16,10.835898,4.068904058936212
729,91042,2020/5/17 - 2020/5/23,8.249599,3.0977430275945737
730,91104,2020/4/5 - 2020/4/11,17.538216,4.618479917103026
731,91104,2020/4/12 - 2020/4/18,20.910328,5.506485466734333
732,91104,2020/4/19 - 2020/4/25,35.11314,9.24662666724632
733,91104,2020/4/26 - 2020/5/2,86.15577,22.68809431404238
734,91104,2020/5/3 - 2020/5/9,89.831535,23.65606344850568
735,91104,2020/5/10 - 2020/5/16,88.43598,23.288561055060907
736,91104,2020/5/17 - 2020/5/23,100.49362,26.463796762566986
737,91108,2020/4/12 - 2020/4/18,-1.9756899,-1.4593661456644174
738,91108,2020/4/19 - 2020/4/25,-4.165135,-3.0766249865333126
739,91108,2020/4/26 - 2020/5/2,-2.9548898,-2.1826634468329957
740,91108,2020/5/3 - 2020/5/9,-2.0035095,-1.4799154391227471
741,91108,2020/5/10 - 2020/5/16,-2.3540096,-1.7388163896409354
742,91108,2020/5/17 - 2020/5/23,-0.27282485,-0.20152522799429468
743,91208,2020/4/5 - 2020/4/11,25.6329,18.934037699835358
744,91208,2020/4/12 - 2020/4/18,41.82861,30.897185305475503
745,91208,2020/4/19 - 2020/4/25,79.78813,58.93642466676554
746,91208,2020/4/26 - 2020/5/2,110.22621,81.41986375229101
747,91208,2020/5/3 - 2020/5/9,123.09032,90.92208359614487
748,91208,2020/5/10 - 2020/5/16,140.1547,103.52688255541116
749,91208,2020/5/17 - 2020/5/23,130.36597,96.2963264860947
750,91301,2020/4/12 - 2020/4/18,4.422902,1.7256065339779054
751,91301,2020/4/19 - 2020/4/25,0.05092885,0.019870020571540463
752,91301,2020/4/26 - 2020/5/2,4.821352,1.881062777497906
753,91301,2020/5/3 - 2020/5/9,2.6068826,1.0170818821638143
754,91301,2020/5/10 - 2020/5/16,0.03555418,0.0138715546737901
755,91301,2020/5/17 - 2020/5/23,1.025612,0.4001451354417291
756,91302,2020/4/5 - 2020/4/11,14.038012,5.270710952505564
757,91302,2020/4/12 - 2020/4/18,3.4007683,1.276852249016031
758,91302,2020/4/19 - 2020/4/25,-0.053565763,-0.020111798054017024
759,91302,2020/4/26 - 2020/5/2,5.1215515,1.922937415961506
760,91302,2020/5/3 - 2020/5/9,3.812905,1.4315931039895973
761,91302,2020/5/10 - 2020/5/16,2.897951,1.0880644618457813
762,91302,2020/5/17 - 2020/5/23,2.8650513,1.0757119732414395
763,91304,2020/4/5 - 2020/4/11,15.947389,2.966348960954375
764,91304,2020/4/12 - 2020/4/18,20.47245,3.8080486330886063
765,91304,2020/4/19 - 2020/4/25,29.318516,5.453491523146498
766,91304,2020/4/26 - 2020/5/2,53.13709,9.88394724347292
767,91304,2020/5/3 - 2020/5/9,68.028305,12.653839224291017
768,91304,2020/5/10 - 2020/5/16,85.8548,15.96971733473731
769,91304,2020/5/17 - 2020/5/23,64.104385,11.923957027580693
770,91306,2020/4/5 - 2020/4/11,16.01128,3.257105671470453
771,91306,2020/4/12 - 2020/4/18,11.697528,2.37957766496542
772,91306,2020/4/19 - 2020/4/25,9.378806,1.9078900919884407
773,91306,2020/4/26 - 2020/5/2,28.345484,5.7661995565131265
774,91306,2020/5/3 - 2020/5/9,32.316444,6.573994954427083
775,91306,2020/5/10 - 2020/5/16,36.441723,7.413182568426919
776,91306,2020/5/17 - 2020/5/23,24.604908,5.0052703506045715
777,91311,2020/4/12 - 2020/4/18,8.7544155,2.165862323623197
778,91311,2020/4/19 - 2020/4/25,7.251728,1.7940940271799426
779,91311,2020/4/26 - 2020/5/2,17.172323,4.248471852283204
780,91311,2020/5/3 - 2020/5/9,14.236352,3.5221058799747427
781,91311,2020/5/10 - 2020/5/16,18.053864,4.466566928597384
782,91311,2020/5/17 - 2020/5/23,10.983213,2.7172720001688813
783,91316,2020/4/5 - 2020/4/11,19.030762,6.351208690011347
784,91316,2020/4/12 - 2020/4/18,6.134134,2.0471678733698373
785,91316,2020/4/19 - 2020/4/25,3.4541173,1.1527557395962558
786,91316,2020/4/26 - 2020/5/2,11.333398,3.782338094144777
787,91316,2020/5/3 - 2020/5/9,8.66922,2.893211844447712
788,91316,2020/5/10 - 2020/5/16,5.654557,1.8871169497024358
789,91316,2020/5/17 - 2020/5/23,6.353608,2.120413873784772
790,91326,2020/4/12 - 2020/4/18,5.3451395,1.4432670456268406
791,91326,2020/4/19 - 2020/4/25,2.432876,0.6569126799181597
792,91326,2020/4/26 - 2020/5/2,9.454934,2.552972625942547
793,91326,2020/5/3 - 2020/5/9,5.7030144,1.539898575342054
794,91326,2020/5/10 - 2020/5/16,3.6339247,0.9812136418716103
795,91326,2020/5/17 - 2020/5/23,2.6472003,0.7147834065054791
796,91330,2020/4/5 - 2020/4/11,12.295698,37.567058252042635
797,91330,2020/4/12 - 2020/4/18,14.52854,44.3890609764521
798,91330,2020/4/19 - 2020/4/25,20.631874,63.03658443163048
799,91330,2020/4/26 - 2020/5/2,38.8956,118.83776158030668
800,91330,2020/5/3 - 2020/5/9,33.715218,103.01013623688368
801,91330,2020/5/10 - 2020/5/16,32.068787,97.97979413716392
802,91330,2020/5/17 - 2020/5/23,20.808664,63.57673181148614
803,91331,2020/4/12 - 2020/4/18,29.80154,2.8168073776459
804,91331,2020/4/19 - 2020/4/25,37.177483,3.5139729680791376
805,91331,2020/4/26 - 2020/5/2,70.98299,6.709230375541859
806,91331,2020/5/3 - 2020/5/9,97.091034,9.176933046205246
807,91331,2020/5/10 - 2020/5/16,107.315865,10.14337229680699
808,91331,2020/5/17 - 2020/5/23,105.17366,9.940893607531292
809,91335,2020/4/5 - 2020/4/11,17.469868,2.169523087067064
810,91335,2020/4/12 - 2020/4/18,20.941505,2.600653895997331
811,91335,2020/4/19 - 2020/4/25,29.333172,3.6427862307488974
812,91335,2020/4/26 - 2020/5/2,51.062447,6.341270502488485
813,91335,2020/5/3 - 2020/5/9,52.980072,6.579413842020314
814,91335,2020/5/10 - 2020/5/16,56.632027,7.032937592812488
815,91335,2020/5/17 - 2020/5/23,55.889805,6.9407636034086595
816,91340,2020/4/5 - 2020/4/11,15.727215,4.341296495219704
817,91340,2020/4/12 - 2020/4/18,5.457045,1.5063474972472433
818,91340,2020/4/19 - 2020/4/25,6.0107255,1.659183895492164
819,91340,2020/4/26 - 2020/5/2,18.105991,4.9979273369380275
820,91340,2020/5/3 - 2020/5/9,20.25694,5.591669429341321
821,91340,2020/5/10 - 2020/5/16,21.593967,5.960738520369929
822,91340,2020/5/17 - 2020/5/23,22.57612,6.231849277220558
823,91342,2020/4/5 - 2020/4/11,17.769842,1.8416825217725858
824,91342,2020/4/12 - 2020/4/18,32.416138,3.3596378470998682
825,91342,2020/4/19 - 2020/4/25,36.62373,3.7957164909066035
826,91342,2020/4/26 - 2020/5/2,65.51372,6.789900986803112
827,91342,2020/5/3 - 2020/5/9,79.31367,8.220140256963454
828,91342,2020/5/10 - 2020/5/16,75.89344,7.865664830141059
829,91342,2020/5/17 - 2020/5/23,74.36602,7.707361634483062
830,91343,2020/4/12 - 2020/4/18,11.580276,1.7390412277494363
831,91343,2020/4/19 - 2020/4/25,16.13718,2.423363917760796
832,91343,2020/4/26 - 2020/5/2,35.023205,5.259529179075957
833,91343,2020/5/3 - 2020/5/9,40.710682,6.113632965202464
834,91343,2020/5/10 - 2020/5/16,44.080257,6.61965121125867
835,91343,2020/5/17 - 2020/5/23,43.00501,6.458178209567468
836,91344,2020/4/5 - 2020/4/11,14.566856,2.7347381790029934
837,91344,2020/4/12 - 2020/4/18,11.420157,2.143986301309682
838,91344,2020/4/19 - 2020/4/25,11.50003,2.158981257069014
839,91344,2020/4/26 - 2020/5/2,26.88583,5.047465536277759
840,91344,2020/5/3 - 2020/5/9,25.834223,4.850039949231987
841,91344,2020/5/10 - 2020/5/16,17.718678,3.3264516803874806
842,91344,2020/5/17 - 2020/5/23,19.74299,3.7064901614114847
843,91345,2020/4/12 - 2020/4/18,1.3309658,0.6930308551783364
844,91345,2020/4/19 - 2020/4/25,0.94440615,0.4917501441143168
845,91345,2020/4/26 - 2020/5/2,12.690333,6.607827839830275
846,91345,2020/5/3 - 2020/5/9,12.947274,6.741616354110309
847,91345,2020/5/10 - 2020/5/16,11.452992,5.9635472216974845
848,91345,2020/5/17 - 2020/5/23,9.879088,5.14401895433191
849,91350,2020/4/5 - 2020/4/11,20.124868,5.3881843086865695
850,91350,2020/4/12 - 2020/4/18,31.306223,8.381853524939602
851,91350,2020/4/19 - 2020/4/25,27.924417,7.47641700019479
852,91350,2020/4/26 - 2020/5/2,59.960144,16.05358608914826
853,91350,2020/5/3 - 2020/5/9,69.15991,18.516710069444443
854,91350,2020/5/10 - 2020/5/16,70.42124,18.854415464592748
855,91350,2020/5/17 - 2020/5/23,62.27039,16.672125718041436
856,91352,2020/4/5 - 2020/4/11,15.141956,3.191946610174481
857,91352,2020/4/12 - 2020/4/18,10.129341,2.1352799708015264
858,91352,2020/4/19 - 2020/4/25,10.50234,2.213908747580518
859,91352,2020/4/26 - 2020/5/2,29.547203,6.228593756896337
860,91352,2020/5/3 - 2020/5/9,27.516663,5.800552847433756
861,91352,2020/5/10 - 2020/5/16,34.413895,7.254499484236332
862,91352,2020/5/17 - 2020/5/23,32.477444,6.846292781118167
863,91354,2020/4/12 - 2020/4/18,-0.22562744,-0.07029768109232455
864,91354,2020/4/19 - 2020/4/25,-2.1710403,-0.6764208301827535
865,91354,2020/4/26 - 2020/5/2,4.628269,1.4420080993135096
866,91354,2020/5/3 - 2020/5/9,0.7294052,0.22725736051946432
867,91354,2020/5/10 - 2020/5/16,-0.48110202,-0.14989469701782657
868,91354,2020/5/17 - 2020/5/23,0.9024659,0.2811770563051922
869,91356,2020/4/5 - 2020/4/11,17.297295,5.615275489124535
870,91356,2020/4/12 - 2020/4/18,6.814355,2.212165594255749
871,91356,2020/4/19 - 2020/4/25,2.4388347,0.7917266157660727
872,91356,2020/4/26 - 2020/5/2,11.585179,3.7609334271258463
873,91356,2020/5/3 - 2020/5/9,9.666946,3.1382114047308183
874,91356,2020/5/10 - 2020/5/16,5.36626,1.7420659822514268
875,91356,2020/5/17 - 2020/5/23,6.9788284,2.2655591579586356
876,91361,2020/4/19 - 2020/4/25,-1.5209717,-0.744188108349957
877,91361,2020/4/26 - 2020/5/2,2.0305061,0.9934955152329988
878,91361,2020/5/3 - 2020/5/9,-1.1612327,-0.568173358393504
879,91361,2020/5/10 - 2020/5/16,-1.790496,-0.8760622329517801
880,91361,2020/5/17 - 2020/5/23,0.87551415,0.4283756481386792
881,91364,2020/4/5 - 2020/4/11,17.991678,6.580716253809451
882,91364,2020/4/12 - 2020/4/18,12.448079,4.553064780245755
883,91364,2020/4/19 - 2020/4/25,11.258477,4.117950698975323
884,91364,2020/4/26 - 2020/5/2,20.528257,7.508506719091118
885,91364,2020/5/3 - 2020/5/9,12.703176,4.6463699871026956
886,91364,2020/5/10 - 2020/5/16,9.779729,3.577077135868812
887,91364,2020/5/17 - 2020/5/23,9.211419,3.369209621627573
888,91381,2020/4/5 - 2020/4/11,12.499083,6.135723609693986
889,91381,2020/4/12 - 2020/4/18,1.078102,0.5292337109651547
890,91381,2020/4/19 - 2020/4/25,-0.74559236,-0.3660067526032838
891,91381,2020/4/26 - 2020/5/2,3.641488,1.7875843479732696
892,91381,2020/5/3 - 2020/5/9,0.12325711,0.06050616466187394
893,91381,2020/5/10 - 2020/5/16,-0.8379927,-0.41136553323670916
894,91381,2020/5/17 - 2020/5/23,1.8999383,0.932668177779905
895,91387,2020/4/12 - 2020/4/18,4.909356,1.122985593075585
896,91387,2020/4/19 - 2020/4/25,3.253235,0.7441579023491615
897,91387,2020/4/26 - 2020/5/2,13.010536,2.9760816601888638
898,91387,2020/5/3 - 2020/5/9,6.257163,1.431288296953251
899,91387,2020/5/10 - 2020/5/16,4.0407796,0.9243039528345242
900,91387,2020/5/17 - 2020/5/23,3.5824869,0.8194722574524014
901,91390,2020/4/19 - 2020/4/25,-2.316292,-1.2157098868947727
902,91390,2020/4/26 - 2020/5/2,1.353298,0.7102807688223798
903,91390,2020/5/3 - 2020/5/9,-0.37259725,-0.19555830964264778
904,91390,2020/5/10 - 2020/5/16,-1.1133268,-0.5843314900270867
905,91390,2020/5/17 - 2020/5/23,1.5169992,0.7961996770534516
906,91401,2020/4/5 - 2020/4/11,17.265705,4.169251692418279
907,91401,2020/4/12 - 2020/4/18,8.388241,2.0255580059424765
908,91401,2020/4/19 - 2020/4/25,5.412526,1.306994622494994
909,91401,2020/4/26 - 2020/5/2,16.61572,4.0122961337055365
910,91401,2020/5/3 - 2020/5/9,17.551104,4.238168548227312
911,91401,2020/5/10 - 2020/5/16,12.007676,2.8995644075564457
912,91401,2020/5/17 - 2020/5/23,7.144897,1.7253204346808515
913,91402,2020/4/12 - 2020/4/18,22.732168,3.2159364227190443
914,91402,2020/4/19 - 2020/4/25,29.491602,4.172198447212988
915,91402,2020/4/26 - 2020/5/2,55.42178,7.840559606225895
916,91402,2020/5/3 - 2020/5/9,83.389915,11.797232191142319
917,91402,2020/5/10 - 2020/5/16,94.91015,13.427007981864227
918,91402,2020/5/17 - 2020/5/23,91.30742,12.917327168497607
919,91405,2020/4/5 - 2020/4/11,19.395266,3.501961862491628
920,91405,2020/4/12 - 2020/4/18,21.236113,3.834340711144824
921,91405,2020/4/19 - 2020/4/25,33.751713,6.094126967909913
922,91405,2020/4/26 - 2020/5/2,65.194824,11.77141849970208
923,91405,2020/5/3 - 2020/5/9,88.04697,15.897545600305932
924,91405,2020/5/10 - 2020/5/16,87.48216,15.795565953269165
925,91405,2020/5/17 - 2020/5/23,87.632164,15.822649863040741
926,91406,2020/4/5 - 2020/4/11,16.06482,2.9095027322172418
927,91406,2020/4/12 - 2020/4/18,12.240148,2.216815646226063
928,91406,2020/4/19 - 2020/4/25,8.918788,1.615283520101022
929,91406,2020/4/26 - 2020/5/2,23.787254,4.30811452204946
930,91406,2020/5/3 - 2020/5/9,17.58165,3.1842162057907157
931,91406,2020/5/10 - 2020/5/16,23.245268,4.209955241880285
932,91406,2020/5/17 - 2020/5/23,20.925404,3.7898041465128505
933,91423,2020/4/5 - 2020/4/11,20.442919,6.059495147009462
934,91423,2020/4/12 - 2020/4/18,15.2344675,4.5156556618575125
935,91423,2020/4/19 - 2020/4/25,16.389301,4.857960488498926
936,91423,2020/4/26 - 2020/5/2,22.626093,6.7066108162452505
937,91423,2020/5/3 - 2020/5/9,18.520576,5.489692763746267
938,91423,2020/5/10 - 2020/5/16,14.340508,4.250676841746016
939,91423,2020/5/17 - 2020/5/23,23.307352,6.908543162118754
940,91502,2020/4/5 - 2020/4/11,22.739,19.605966822240532
941,91502,2020/4/12 - 2020/4/18,27.5018,23.712537107354176
942,91502,2020/4/19 - 2020/4/25,34.777847,29.98607284880071
943,91502,2020/4/26 - 2020/5/2,45.0975,38.88385915451984
944,91502,2020/5/3 - 2020/5/9,64.32227,55.459797598201874
945,91502,2020/5/10 - 2020/5/16,60.892044,52.50219353973341
946,91502,2020/5/17 - 2020/5/23,47.300617,40.78342577859767
947,91601,2020/4/26 - 2020/5/2,5.846747,1.5765799977185673
948,91601,2020/5/3 - 2020/5/9,0.18610549,0.050183494601816085
949,91601,2020/5/10 - 2020/5/16,-1.7100058,-0.46110442502167215
950,91601,2020/5/17 - 2020/5/23,-0.97214556,-0.2621398294198637
951,91602,2020/4/12 - 2020/4/18,-0.57446593,-0.296758926780599
952,91602,2020/4/19 - 2020/4/25,-3.7441843,-1.9341792827771338
953,91602,2020/4/26 - 2020/5/2,-0.4119904,-0.21282694706531063
954,91602,2020/5/3 - 2020/5/9,-3.1364667,-1.6202431767547731
955,91602,2020/5/10 - 2020/5/16,-3.742328,-1.9332203370922052
956,91602,2020/5/17 - 2020/5/23,-0.8142966,-0.4206512052912593
957,91604,2020/4/5 - 2020/4/11,18.214735,5.671368755216219
958,91604,2020/4/12 - 2020/4/18,5.900602,1.8372207441109332
959,91604,2020/4/19 - 2020/4/25,0.4522148,0.14080231879439467
960,91604,2020/4/26 - 2020/5/2,6.8712516,2.1394437784037628
961,91604,2020/5/3 - 2020/5/9,4.3855867,1.3655032346067273
962,91604,2020/5/10 - 2020/5/16,4.994597,1.5551256213719837
963,91604,2020/5/17 - 2020/5/23,5.5884137,1.7400173476235479
964,91606,2020/4/5 - 2020/4/11,27.380127,6.1561576924914565
965,91606,2020/4/12 - 2020/4/18,41.719536,9.38023559394656
966,91606,2020/4/19 - 2020/4/25,41.25541,9.275881203508106
967,91606,2020/4/26 - 2020/5/2,67.231476,15.116349453655483
968,91606,2020/5/3 - 2020/5/9,95.338745,21.435998092721356
969,91606,2020/5/10 - 2020/5/16,104.037094,23.391738042137543
970,91606,2020/5/17 - 2020/5/23,89.913574,20.216200696724076
971,91607,2020/4/12 - 2020/4/18,4.497882,1.4568982247735114
972,91607,2020/4/19 - 2020/4/25,1.8599305,0.6024456694488085
973,91607,2020/4/26 - 2020/5/2,13.059307,4.230009101282244
974,91607,2020/5/3 - 2020/5/9,19.229551,6.228598229944488
975,91607,2020/5/10 - 2020/5/16,25.299772,8.194789059234036
976,91607,2020/5/17 - 2020/5/23,19.626299,6.357107797887781
977,91702,2020/4/12 - 2020/4/18,10.22077,1.6393099830310753
978,91702,2020/4/19 - 2020/4/25,9.38742,1.5056488902005771
979,91702,2020/4/26 - 2020/5/2,23.631536,3.7902637588639005
980,91702,2020/5/3 - 2020/5/9,24.790369,3.9761289911165516
981,91702,2020/5/10 - 2020/5/16,25.658192,4.115319125057452
982,91702,2020/5/17 - 2020/5/23,21.801676,3.4967722776205794
983,91706,2020/4/19 - 2020/4/25,13.714492,1.7732269457962357
984,91706,2020/4/26 - 2020/5/2,33.48414,4.329360307306448
985,91706,2020/5/3 - 2020/5/9,25.352468,3.277969084145818
986,91706,2020/5/10 - 2020/5/16,22.62184,2.9249100777475925
987,91706,2020/5/17 - 2020/5/23,27.473034,3.5521494020104596
988,91711,2020/4/12 - 2020/4/18,0.5365806,0.145596304931947
989,91711,2020/4/19 - 2020/4/25,-0.051950358,-0.014096260339275602
990,91711,2020/4/26 - 2020/5/2,5.1788273,1.4052280039525158
991,91711,2020/5/3 - 2020/5/9,1.4769224,0.40074955034600146
992,91711,2020/5/10 - 2020/5/16,-0.24998955,-0.0678324074146641
993,91711,2020/5/17 - 2020/5/23,1.8190867,0.4935927364398842
994,91723,2020/4/5 - 2020/4/11,17.142408,9.082070660117447
995,91723,2020/4/12 - 2020/4/18,8.608753,4.560928849984479
996,91723,2020/4/19 - 2020/4/25,13.246056,7.017777802928394
997,91723,2020/4/26 - 2020/5/2,22.517412,11.929754800354408
998,91723,2020/5/3 - 2020/5/9,18.14508,9.613287717301324
999,91723,2020/5/10 - 2020/5/16,17.351898,9.19305864548841
1000,91723,2020/5/17 - 2020/5/23,14.54211,7.704429373835886
1001,91724,2020/4/19 - 2020/4/25,-0.1743313,-0.06681664459437885
1002,91724,2020/4/26 - 2020/5/2,6.6933146,2.5653729455778347
1003,91724,2020/5/3 - 2020/5/9,2.3363664,0.8954683281682587
1004,91724,2020/5/10 - 2020/5/16,0.5444699,0.20868111340257875
1005,91724,2020/5/17 - 2020/5/23,3.6759393,1.4088916950358148
1006,91731,2020/4/19 - 2020/4/25,7.3056607,2.4239890920866296
1007,91731,2020/4/26 - 2020/5/2,24.431986,8.106435467368705
1008,91731,2020/5/3 - 2020/5/9,44.18636,14.66085782723965
1009,91731,2020/5/10 - 2020/5/16,44.04658,14.614479998775854
1010,91731,2020/5/17 - 2020/5/23,41.80557,13.870920964553688
1011,91733,2020/4/5 - 2020/4/11,18.198425,4.046972356557719
1012,91733,2020/4/19 - 2020/4/25,-0.08869723,-0.019724522395037265
1013,91733,2020/4/26 - 2020/5/2,11.2230625,2.495788675337749
1014,91733,2020/5/3 - 2020/5/9,7.9978313,1.7785606085670904
1015,91733,2020/5/10 - 2020/5/16,8.387894,1.8653028101667435
1016,91733,2020/5/17 - 2020/5/23,7.9991336,1.7788502016730887
1017,91741,2020/4/5 - 2020/4/11,16.512001,6.215697736720368
1018,91741,2020/4/12 - 2020/4/18,5.321578,2.0032290705130325
1019,91741,2020/4/19 - 2020/4/25,3.1063325,1.169332783930768
1020,91741,2020/4/26 - 2020/5/2,12.422779,4.676370819970621
1021,91741,2020/5/3 - 2020/5/9,7.0496235,2.65372613942401
1022,91741,2020/5/10 - 2020/5/16,4.156901,1.5648036449165998
1023,91741,2020/5/17 - 2020/5/23,11.090037,4.1746799721009715
1024,91744,2020/4/12 - 2020/4/18,16.002094,1.8342611495642858
1025,91744,2020/4/19 - 2020/4/25,17.109163,1.9611603948076293
1026,91744,2020/4/26 - 2020/5/2,38.589035,4.42331900896145
1027,91744,2020/5/3 - 2020/5/9,31.464735,3.606686729840432
1028,91744,2020/5/10 - 2020/5/16,25.349537,2.9057240825025166
1029,91744,2020/5/17 - 2020/5/23,26.06006,2.9871687873794857
1030,91745,2020/4/12 - 2020/4/18,7.6258097,1.3871413678025701
1031,91745,2020/4/19 - 2020/4/25,7.917645,1.4402264624956034
1032,91745,2020/4/26 - 2020/5/2,18.121027,3.296230467084648
1033,91745,2020/5/3 - 2020/5/9,9.395272,1.7090081409629554
1034,91745,2020/5/10 - 2020/5/16,6.1839046,1.1248575985133513
1035,91745,2020/5/17 - 2020/5/23,7.807009,1.420101722623609
1036,91746,2020/4/19 - 2020/4/25,-2.520442,-0.8207769991442516
1037,91746,2020/4/26 - 2020/5/2,12.73592,4.147427364983906
1038,91746,2020/5/3 - 2020/5/9,10.532916,3.4300234691385834
1039,91746,2020/5/10 - 2020/5/16,3.9218102,1.2771297870738845
1040,91746,2020/5/17 - 2020/5/23,4.203145,1.3687459382443157
1041,91748,2020/4/12 - 2020/4/18,2.80749,0.5962726425956458
1042,91748,2020/4/19 - 2020/4/25,2.322685,0.4933066441425197
1043,91748,2020/4/26 - 2020/5/2,13.810377,2.9331359104943675
1044,91748,2020/5/3 - 2020/5/9,9.318029,1.9790224712612614
1045,91748,2020/5/10 - 2020/5/16,6.5690784,1.3951827468852627
1046,91748,2020/5/17 - 2020/5/23,5.188541,1.101975391962526
1047,91750,2020/4/5 - 2020/4/11,13.342913,3.943407221288035
1048,91750,2020/4/12 - 2020/4/18,4.3019133,1.2714012476101118
1049,91750,2020/4/19 - 2020/4/25,1.4696424,0.4343428303409319
1050,91750,2020/4/26 - 2020/5/2,9.926823,2.9338050190192444
1051,91750,2020/5/3 - 2020/5/9,5.097264,1.5064617014478068
1052,91750,2020/5/10 - 2020/5/16,1.5493888,0.45791132707434606
1053,91750,2020/5/17 - 2020/5/23,3.7069757,1.095571491450251
1054,91754,2020/4/5 - 2020/4/11,15.226921,4.6061228996137
1055,91754,2020/4/12 - 2020/4/18,2.9188786,0.8829567896720466
1056,91754,2020/4/19 - 2020/4/25,3.6032286,1.0899717372589877
1057,91754,2020/4/26 - 2020/5/2,10.033448,3.0351044283681157
1058,91754,2020/5/3 - 2020/5/9,9.607192,2.9061625142143344
1059,91754,2020/5/10 - 2020/5/16,7.9141874,2.3940309248398117
1060,91754,2020/5/17 - 2020/5/23,9.76514,2.9539414301448814
1061,91765,2020/4/5 - 2020/4/11,14.141196,2.9998931353901286
1062,91765,2020/4/12 - 2020/4/18,5.010884,1.0630017200483648
1063,91765,2020/4/19 - 2020/4/25,3.191313,0.6770005787852036
1064,91765,2020/4/26 - 2020/5/2,12.530798,2.6582655462300906
1065,91765,2020/5/3 - 2020/5/9,6.183793,1.3118210118865756
1066,91765,2020/5/10 - 2020/5/16,1.7999853,0.38184630339499553
1067,91765,2020/5/17 - 2020/5/23,3.611323,0.7661009181802412
1068,91766,2020/4/12 - 2020/4/18,16.370073,2.2631854944535537
1069,91766,2020/4/19 - 2020/4/25,19.515856,2.698094313607334
1070,91766,2020/4/26 - 2020/5/2,41.965282,5.801758895120493
1071,91766,2020/5/3 - 2020/5/9,43.890686,6.067948630641521
1072,91766,2020/5/10 - 2020/5/16,46.48573,6.426716974164864
1073,91766,2020/5/17 - 2020/5/23,44.29264,6.123519422390527
1074,91770,2020/4/12 - 2020/4/18,4.32621,0.6820985450489012
1075,91770,2020/4/19 - 2020/4/25,5.315474,0.8380723741987722
1076,91770,2020/4/26 - 2020/5/2,15.018995,2.367992949946264
1077,91770,2020/5/3 - 2020/5/9,8.012584,1.2633163157437888
1078,91770,2020/5/10 - 2020/5/16,8.100007,1.2771000484335737
1079,91770,2020/5/17 - 2020/5/23,8.960963,1.4128440282548747
1080,91773,2020/4/5 - 2020/4/11,14.810773,4.2934754452148045
1081,91773,2020/4/12 - 2020/4/18,3.5734887,1.0359139356188518
1082,91773,2020/4/19 - 2020/4/25,2.940141,0.852313590735363
1083,91773,2020/4/26 - 2020/5/2,9.70805,2.8142537610650282
1084,91773,2020/5/3 - 2020/5/9,3.2675152,0.9472156721054955
1085,91773,2020/5/10 - 2020/5/16,2.2749457,0.6594810227073853
1086,91773,2020/5/17 - 2020/5/23,3.1751006,0.9204257203608143
1087,91775,2020/4/19 - 2020/4/25,-2.653812,-1.0534343964790835
1088,91775,2020/4/26 - 2020/5/2,1.362335,0.5407807901951198
1089,91775,2020/5/3 - 2020/5/9,-0.2807637,-0.11144954180028485
1090,91775,2020/5/10 - 2020/5/16,-1.7324797,-0.6877102617916132
1091,91775,2020/5/17 - 2020/5/23,0.9619241,0.3818371213402359
1092,91776,2020/4/12 - 2020/4/18,1.7796386,0.4633269065433851
1093,91776,2020/4/19 - 2020/4/25,-1.9886663,-0.5177470179654384
1094,91776,2020/4/26 - 2020/5/2,4.5345173,1.1805564405644384
1095,91776,2020/5/3 - 2020/5/9,2.497912,0.6503285420682708
1096,91776,2020/5/10 - 2020/5/16,-0.9534196,-0.248221719801907
1097,91776,2020/5/17 - 2020/5/23,3.785925,0.9856612630822763
1098,91780,2020/4/5 - 2020/4/11,13.601602,3.847586093928594
1099,91780,2020/4/12 - 2020/4/18,3.4069784,0.9637572823284081
1100,91780,2020/4/19 - 2020/4/25,-1.5969381,-0.4517377537381534
1101,91780,2020/4/26 - 2020/5/2,8.564926,2.4228242899666026
1102,91780,2020/5/3 - 2020/5/9,8.100864,2.2915516987922238
1103,91780,2020/5/10 - 2020/5/16,2.9385345,0.8312450844996525
1104,91780,2020/5/17 - 2020/5/23,5.5318255,1.5648285882860318
1105,91789,2020/4/5 - 2020/4/11,13.961133,3.1391673794205297
1106,91789,2020/4/12 - 2020/4/18,2.7575226,0.6200302610531575
1107,91789,2020/4/19 - 2020/4/25,0.26027942,0.05852395040652153
1108,91789,2020/4/26 - 2020/5/2,6.8416944,1.538358221660068
1109,91789,2020/5/3 - 2020/5/9,2.3618374,0.5310602570231958
1110,91789,2020/5/10 - 2020/5/16,-0.061033458,-0.0137234018792157
1111,91789,2020/5/17 - 2020/5/23,0.9905514,0.2227259549637002
1112,91791,2020/4/5 - 2020/4/11,14.1077795,4.105514507717211
1113,91791,2020/4/12 - 2020/4/18,3.743914,1.0895189270236225
1114,91791,2020/4/19 - 2020/4/25,9.624974,2.800970302591001
1115,91791,2020/4/26 - 2020/5/2,23.636423,6.878451564462333
1116,91791,2020/5/3 - 2020/5/9,25.10603,7.306122722258839
1117,91791,2020/5/10 - 2020/5/16,23.57595,6.86085342448523
1118,91791,2020/5/17 - 2020/5/23,19.984587,5.815728171492082
1119,91803,2020/4/5 - 2020/4/11,17.491842,5.756735978245009
1120,91803,2020/4/12 - 2020/4/18,4.830407,1.5897341262593911
1121,91803,2020/4/19 - 2020/4/25,3.329733,1.0958475875917264
1122,91803,2020/4/26 - 2020/5/2,12.253806,4.032847166100634
1123,91803,2020/5/3 - 2020/5/9,10.530552,3.4657073919369394
1124,91803,2020/5/10 - 2020/5/16,9.991113,3.2881726868670103
1125,91803,2020/5/17 - 2020/5/23,12.361108,4.068161206593026
1126,93510,2020/4/19 - 2020/4/25,-2.3077862,-3.026208007176217
1127,93510,2020/4/26 - 2020/5/2,3.3142626,4.346003971354967
1128,93510,2020/5/3 - 2020/5/9,1.0995451,1.4418372950340048
1129,93510,2020/5/10 - 2020/5/16,-1.3803077,-1.8100021956569092
1130,93510,2020/5/17 - 2020/5/23,0.16849902,0.22095334739344907
1131,93532,2020/5/17 - 2020/5/23,-1.1517032,-4.011505532870928
1132,93535,2020/4/19 - 2020/4/25,7.0718117,0.9694318796986059
1133,93535,2020/4/26 - 2020/5/2,27.70468,3.7978669037034245
1134,93535,2020/5/3 - 2020/5/9,13.410053,1.8383030724864051
1135,93535,2020/5/10 - 2020/5/16,8.680773,1.1899946237555616
1136,93535,2020/5/17 - 2020/5/23,7.405457,1.0151693013935827
1137,93536,2020/4/5 - 2020/4/11,17.6934,2.4444136647170316
1138,93536,2020/4/12 - 2020/4/18,21.458668,2.9646004939180406
1139,93536,2020/4/19 - 2020/4/25,27.92895,3.8584956904354755
1140,93536,2020/4/26 - 2020/5/2,60.343895,8.336749645427254
1141,93536,2020/5/3 - 2020/5/9,84.5072,11.67500685912956
1142,93536,2020/5/10 - 2020/5/16,69.11554,9.548587313427358
1143,93536,2020/5/17 - 2020/5/23,54.376205,7.512289549249953
1144,93543,2020/4/19 - 2020/4/25,-1.8638799,-1.2315030849369832
1145,93543,2020/4/26 - 2020/5/2,2.9860718,1.9729579286603673
1146,93543,2020/5/3 - 2020/5/9,2.1245396,1.4037262066228973
1147,93543,2020/5/10 - 2020/5/16,1.3576907,0.8970536451588615
1148,93543,2020/5/17 - 2020/5/23,2.891863,1.9107123275066233
1149,93550,2020/4/12 - 2020/4/18,22.466448,2.9174931602992227
1150,93550,2020/4/19 - 2020/4/25,40.768055,5.294140062093629
1151,93550,2020/4/26 - 2020/5/2,72.952194,9.473572736392903
1152,93550,2020/5/3 - 2020/5/9,110.83626,14.393197664411904
1153,93550,2020/5/10 - 2020/5/16,81.97668,10.64549216176895
1154,93550,2020/5/17 - 2020/5/23,59.435112,7.718244292589112
1155,93551,2020/4/26 - 2020/5/2,14.73869,2.8851307382366134
1156,93551,2020/5/3 - 2020/5/9,6.2502737,1.2235046891511812
1157,93551,2020/5/10 - 2020/5/16,3.9506075,0.7733400290150272
1158,93551,2020/5/17 - 2020/5/23,3.457279,0.6767698868363877
1159,93552,2020/5/3 - 2020/5/9,2.2645428,0.5623957726293791
1160,93552,2020/5/10 - 2020/5/16,0.9339308,0.2319403005677755
1161,93552,2020/5/17 - 2020/5/23,1.8497084,0.45937228379268286
1162,93553,2020/4/19 - 2020/4/25,-4.172493,-23.4278101120552
1163,93553,2020/4/26 - 2020/5/2,1.3866724,7.785920143662913
1164,93553,2020/5/3 - 2020/5/9,0.2451917,1.3767079916112814
1165,93553,2020/5/10 - 2020/5/16,2.0600545,11.566841890141243
1166,93553,2020/5/17 - 2020/5/23,-1.4999431,-8.421915424867402
